{"cameraMode":{"drawMode":0,"name":"Shaded","section":"Shading Mode"},"sceneLighting":true,"audioPlay":false,"sceneViewState":{"m_AlwaysRefresh":false,"showFog":true,"showSkybox":true,"showFlares":true,"showImageEffects":true,"showParticleSystems":true,"showVisualEffectGraphs":true,"m_FxEnabled":true},"in2DMode":false,"pivot":{"x":2.847482442855835,"y":1.1567078828811646,"z":0.036886341869831088},"rotation":{"x":-0.22181159257888795,"y":-0.658512532711029,"z":0.2118346095085144,"w":-0.6873726844787598},"size":0.10609692335128784,"orthographic":false}